Single User Price (Email PDF/ View Only),Busoiness Price (Global Site License) (Email PDF  + Printable + Downloadable),Enterprisewide Price (Global Site License) (Email PDF  + Printable + Downloadable),Pages,Release Date,Report Domain,Report Subdomain,Report Title,URL Slug,Report Summary,Table of Contents,Available In,Internet Handling Charge,Author,Sub Title
"$4,950","$5,250","$6,250",285,10-May-25,Consumer Goods,Personal Care and Cosmetics,demo,csv-data-1,"Global Face Compact Market is valued at approximately USD 1.3 billion in 2021 and is anticipated to grow with a healthy growth rate of more than 5.7% over the forecast period 2022-2029. A face compact is a cosmetic product that typically contains a combination of pressed powder, blush, and/or bronzer in a single compact. It is designed to be portable and easy to use for touch-ups that give face light coverage or create the perfect makeup finishing touch. The market growth is driven by the factors such as rising awareness regarding physical appearance among the population, surging demand for beauty products, and easy availability of the product globally. 

In addition, the rising expenditure on beauty and cosmetics products are is stipulating market growth. As per DealsOn Health in 2021, women spend nearly USD 313 per month on beauty products, as per the same source the global beauty industry is accounted for USD 511 billion in 2021. Hence, the rising spending by the population on beauty products is further propelling the market demand across the globe. Moreover, the innovation in packaging, as well as the surge in demand for organic/natural cosmetics are presenting various lucrative opportunities over the forecasting years. However, the harmful effect due to regular use and side effects of chemical-based cosmetics are challenging the market growth throughout the forecast period of 2022-2029.

The key regions considered for the Global Face Compact Market study include Asia Pacific, North America, Europe, Latin America, and the Rest of the World. North America dominated the market in terms of revenue, owing to the growing demand for cosmetic products and the rising number of working women and the increasing consciousness regarding physical appearance among millennial women. Whereas, the Asia Pacific is also expected to grow with the highest CAGR during the forecast period, owing to factors such as rising target populations, increasing expenditure on beauty products, and growing disposable income in the market space.

Major market players included in this report are:
Coty Inc.
Chanel
Revlon, Inc.
Kendo Holdings, Inc.
ColorBar Cosmetics Pvt. Ltd.
Vellvette Lifestye Private Limited
LOREAL S. A.
NARS Cosmetics
Kosas Cosmetics, LLC
Hindustan Unilever Limited

Recent Developments in the Market:
	In August 2022, Ponds unveiled the introduction of the company’s new Natural Glow Powder, which is an oil freeoil-free powder for even tonedeven-toned look. 


Global Face Compact Market Report Scope:
Historical Data	2019-2020-2021
Base Year for Estimation	2021
Forecast period	2022-2029
Report Coverage	Revenue forecast, Company Ranking, Competitive Landscape, Growth factors, and Trends
Segments Covered	Skin Type, End User, Distribution Channel, Region
Regional Scope	North America; Europe; Asia Pacific; Latin America; Rest of the World
Customization Scope	Free report customization (equivalent up to 8 analyst’s working hours) with purchase. Addition or alteration to country, regional & segment scope*




The objective of the study is to define market sizes of different segments & countries in recent years and to forecast the values to the coming years. The report is designed to incorporate both qualitative and quantitative aspects of the industry within countries involved in the study. 

The report also caters detailed information about the crucial aspects such as driving factors & challenges which will define the future growth of the market. Additionally, it also incorporates potential opportunities in micro markets for stakeholders to invest along with the detailed analysis of competitive landscape and product offerings of key players. The detailed segments and sub-segment of the market are explained below: 

By Skin Type:
Combination Skin
Dry Skin
Oily Skin
Sensitive Skin
By End User:
Men
Women
By Distribution Channel:
Online 
Offline 
By Region:
North America
U.S.
Canada
Europe
UK
Germany
France
Spain
Italy
ROE
Asia Pacific
China
India
Japan
Australia 
South Korea
RoAPAC
Latin America
Brazil
Mexico
RoLA
Rest of the World



","Chapter 1.	Executive Summary 
1.1.	Market Snapshot
1.2.	Global & Segmental Market Estimates & Forecasts, 2019-2029 (USD Billion)
1.2.1.	Face Compact Market, by Region, 2019-2029 (USD Billion)
1.2.2.	Face Compact Market, by Skin Type, 2019-2029 (USD Billion)
1.2.3.	Face Compact Market, by End User, 2019-2029 (USD Billion) 
1.2.4.	Face Compact Market, by Distribution Channel, 2019-2029 (USD Billion)
1.3.	Key Trends
1.4.	Estimation Methodology
1.5.	Research Assumption
Chapter 2.	Global Face Compact Market Definition and Scope 
2.1.	Objective of the Study
2.2.	Market Definition & Scope
2.2.1.	Scope of the Study
2.2.2.	Industry Evolution
2.3.	Years Considered for the Study
2.4.	Currency Conversion Rates
Chapter 3.	Global Face Compact Market Dynamics	
3.1.	Face Compact Market Impact Analysis (2019-2029)
3.1.1.	Market Drivers
3.1.1.1.	Rising expenditure on beauty and cosmetics products
3.1.1.2.	Rising awareness regarding physical appearance 
3.1.2.	Market Challenges
3.1.2.1.	Harmful effect due to regular use 
3.1.2.2.	Side effects of chemical-based cosmetics
3.1.3.	Market Opportunities
3.1.3.1.	Innovation in packaging
3.1.3.2.	Surge in demand for organic/natural cosmetics
Chapter 4.	Global Face Compact Market Industry Analysis
4.1.	Porter’s 5 Force Model
4.1.1.	Bargaining Power of Suppliers
4.1.2.	Bargaining Power of Buyers
4.1.3.	Threat of New Entrants
4.1.4.	Threat of Substitutes
4.1.5.	Competitive Rivalry
4.2.	Futuristic Approach to Porter’s 5 Force Model (2019-2029)
4.3.	PEST Analysis
4.3.1.	Political 
4.3.2.	Economical
4.3.3.	Social 
4.3.4.	Technological 
4.4.	Top investment opportunity 
4.5.	Top winning strategies 
4.6.	Industry Experts Prospective
4.7.	Analyst Recommendation & Conclusion
Chapter 5.	Risk Assessment: COVID-19 Impact
5.1.	 Assessment of the overall impact of COVID-19 on the industry
5.2.	 Pre COVID-19 and post COVID-19 Market scenario
Chapter 6.	Global Face Compact Market, by Skin Type
6.1.	Market Snapshot 
6.2.	Global Face Compact Market by Skin Type, Performance - Potential Analysis
6.3.	Global Face Compact Market Estimates & Forecasts by Skin Type 2019-2029 (USD Billion)
6.4.	Face Compact Market, Sub Segment Analysis
6.4.1.	Combination Skin
6.4.2.	Dry Skin
6.4.3.	Oily Skin
6.4.4.	Sensitive Skin
Chapter 7.	Global Face Compact Market, by End User
7.1.	Market Snapshot 
7.2.	Global Face Compact Market by End User, Performance - Potential Analysis
7.3.	Global Face Compact Market Estimates & Forecasts by End User 2019-2029 (USD Billion)
7.4.	Face Compact Market, Sub Segment Analysis
7.4.1.	Men
7.4.2.	Women
Chapter 8.	Global Face Compact Market, by Distribution Channel
8.1.	Market Snapshot 
8.2.	Global Face Compact Market by Distribution Channel, Performance - Potential Analysis
8.3.	Global Face Compact Market Estimates & Forecasts by Distribution Channel 2019-2029 (USD Billion)
8.4.	Face Compact Market, Sub Segment Analysis
8.4.1.	Online 
8.4.2.	Offline
Chapter 9.	Global Face Compact Market, Regional Analysis
9.1.	Face Compact Market, Regional Market Snapshot 
9.2.	North America Face Compact Market 
9.2.1.	U.S. Face Compact Market
9.2.1.1.	Skin Type breakdown estimates & forecasts, 2019-2029 
9.2.1.2.	End User breakdown estimates & forecasts, 2019-2029 
9.2.1.3.	Distribution Channel breakdown estimates & forecasts, 2019-2029 
9.2.2.	Canada Face Compact Market
9.3.	Europe Face Compact Market Snapshot
9.3.1.	U.K. Face Compact Market 
9.3.2.	Germany Face Compact Market
9.3.3.	France Face Compact Market
9.3.4.	Spain Face Compact Market
9.3.5.	Italy Face Compact Market
9.3.6.	Rest of Europe Face Compact Market
9.4.	Asia-Pacific Face Compact Market Snapshot
9.4.1.	China Face Compact Market 
9.4.2.	India Face Compact Market 
9.4.3.	Japan Face Compact Market
9.4.4.	Australia Face Compact Market
9.4.5.	South Korea Face Compact Market
9.4.6.	Rest of Asia Pacific Face Compact Market
9.5.	Latin America Face Compact Market Snapshot
9.5.1.	Brazil Face Compact Market
9.5.2.	Mexico Face Compact Market
9.5.3.	Rest of Latin America Face Compact Market
9.6.	Rest of The World Face Compact Market

Chapter 10.	Competitive Intelligence
10.1.	Top Market Strategies
10.2.	Company Profiles
10.2.1.	Coty Inc.
10.2.1.1.	Key Information
10.2.1.2.	Overview
10.2.1.3.	Financial (Subject to Data Availability)
10.2.1.4.	Product Summary
10.2.1.5.	Recent Developments
10.2.2.	Chanel
10.2.3.	Revlon, Inc.
10.2.4.	Kendo Holdings, Inc.
10.2.5.	ColorBar Cosmetics Pvt. Ltd.
10.2.6.	Vellvette Lifestye Private Limited
10.2.7.	LOREAL S. A.
10.2.8.	NARS Cosmetics
10.2.9.	Kosas Cosmetics, LLC
10.2.10.	Hindustan Unilever Limited
Chapter 11.	Research Process
11.1.	Research Process
11.1.1.	Data Mining
11.1.2.	Analysis
11.1.3.	Market Estimation
11.1.4.	Validation
11.1.5.	Publishing
11.2.	Research Attributes
11.3.	Research Assumption","Pdf, Excel, Word",20,demo1,demo_sub_title1
"$6,250","$10,250","$15,550",525,10-May-25,Consumer Goods,Personal Care and Cosmetics,"Global Face Compact Market Size study & Forecast, by Skin Type (Combination Skin, Dry Skin, Oily Skin, Sensitive Skin) by End User (Men, Women), by Distribution Channel (Online , Offline) and Regional Analysis, 2022-2029",csv-data-2,"Global Face Compact Market is valued at approximately USD 1.3 billion in 2021 and is anticipated to grow with a healthy growth rate of more than 5.7% over the forecast period 2022-2029. A face compact is a cosmetic product that typically contains a combination of pressed powder, blush, and/or bronzer in a single compact. It is designed to be portable and easy to use for touch-ups that give face light coverage or create the perfect makeup finishing touch. The market growth is driven by the factors such as rising awareness regarding physical appearance among the population, surging demand for beauty products, and easy availability of the product globally. 

In addition, the rising expenditure on beauty and cosmetics products are is stipulating market growth. As per DealsOn Health in 2021, women spend nearly USD 313 per month on beauty products, as per the same source the global beauty industry is accounted for USD 511 billion in 2021. Hence, the rising spending by the population on beauty products is further propelling the market demand across the globe. Moreover, the innovation in packaging, as well as the surge in demand for organic/natural cosmetics are presenting various lucrative opportunities over the forecasting years. However, the harmful effect due to regular use and side effects of chemical-based cosmetics are challenging the market growth throughout the forecast period of 2022-2029.

The key regions considered for the Global Face Compact Market study include Asia Pacific, North America, Europe, Latin America, and the Rest of the World. North America dominated the market in terms of revenue, owing to the growing demand for cosmetic products and the rising number of working women and the increasing consciousness regarding physical appearance among millennial women. Whereas, the Asia Pacific is also expected to grow with the highest CAGR during the forecast period, owing to factors such as rising target populations, increasing expenditure on beauty products, and growing disposable income in the market space.

Major market players included in this report are:
Coty Inc.
Chanel
Revlon, Inc.
Kendo Holdings, Inc.
ColorBar Cosmetics Pvt. Ltd.
Vellvette Lifestye Private Limited
LOREAL S. A.
NARS Cosmetics
Kosas Cosmetics, LLC
Hindustan Unilever Limited

Recent Developments in the Market:
	In August 2022, Ponds unveiled the introduction of the company’s new Natural Glow Powder, which is an oil freeoil-free powder for even tonedeven-toned look. 


Global Face Compact Market Report Scope:
Historical Data	2019-2020-2021
Base Year for Estimation	2021
Forecast period	2022-2029
Report Coverage	Revenue forecast, Company Ranking, Competitive Landscape, Growth factors, and Trends
Segments Covered	Skin Type, End User, Distribution Channel, Region
Regional Scope	North America; Europe; Asia Pacific; Latin America; Rest of the World
Customization Scope	Free report customization (equivalent up to 8 analyst’s working hours) with purchase. Addition or alteration to country, regional & segment scope*




The objective of the study is to define market sizes of different segments & countries in recent years and to forecast the values to the coming years. The report is designed to incorporate both qualitative and quantitative aspects of the industry within countries involved in the study. 

The report also caters detailed information about the crucial aspects such as driving factors & challenges which will define the future growth of the market. Additionally, it also incorporates potential opportunities in micro markets for stakeholders to invest along with the detailed analysis of competitive landscape and product offerings of key players. The detailed segments and sub-segment of the market are explained below: 

By Skin Type:
Combination Skin
Dry Skin
Oily Skin
Sensitive Skin
By End User:
Men
Women
By Distribution Channel:
Online 
Offline 
By Region:
North America
U.S.
Canada
Europe
UK
Germany
France
Spain
Italy
ROE
Asia Pacific
China
India
Japan
Australia 
South Korea
RoAPAC
Latin America
Brazil
Mexico
RoLA
Rest of the World



","Chapter 1.	Executive Summary 
1.1.	Market Snapshot
1.2.	Global & Segmental Market Estimates & Forecasts, 2019-2029 (USD Billion)
1.2.1.	Face Compact Market, by Region, 2019-2029 (USD Billion)
1.2.2.	Face Compact Market, by Skin Type, 2019-2029 (USD Billion)
1.2.3.	Face Compact Market, by End User, 2019-2029 (USD Billion) 
1.2.4.	Face Compact Market, by Distribution Channel, 2019-2029 (USD Billion)
1.3.	Key Trends
1.4.	Estimation Methodology
1.5.	Research Assumption
Chapter 2.	Global Face Compact Market Definition and Scope 
2.1.	Objective of the Study
2.2.	Market Definition & Scope
2.2.1.	Scope of the Study
2.2.2.	Industry Evolution
2.3.	Years Considered for the Study
2.4.	Currency Conversion Rates
Chapter 3.	Global Face Compact Market Dynamics	
3.1.	Face Compact Market Impact Analysis (2019-2029)
3.1.1.	Market Drivers
3.1.1.1.	Rising expenditure on beauty and cosmetics products
3.1.1.2.	Rising awareness regarding physical appearance 
3.1.2.	Market Challenges
3.1.2.1.	Harmful effect due to regular use 
3.1.2.2.	Side effects of chemical-based cosmetics
3.1.3.	Market Opportunities
3.1.3.1.	Innovation in packaging
3.1.3.2.	Surge in demand for organic/natural cosmetics
Chapter 4.	Global Face Compact Market Industry Analysis
4.1.	Porter’s 5 Force Model
4.1.1.	Bargaining Power of Suppliers
4.1.2.	Bargaining Power of Buyers
4.1.3.	Threat of New Entrants
4.1.4.	Threat of Substitutes
4.1.5.	Competitive Rivalry
4.2.	Futuristic Approach to Porter’s 5 Force Model (2019-2029)
4.3.	PEST Analysis
4.3.1.	Political 
4.3.2.	Economical
4.3.3.	Social 
4.3.4.	Technological 
4.4.	Top investment opportunity 
4.5.	Top winning strategies 
4.6.	Industry Experts Prospective
4.7.	Analyst Recommendation & Conclusion
Chapter 5.	Risk Assessment: COVID-19 Impact
5.1.	 Assessment of the overall impact of COVID-19 on the industry
5.2.	 Pre COVID-19 and post COVID-19 Market scenario
Chapter 6.	Global Face Compact Market, by Skin Type
6.1.	Market Snapshot 
6.2.	Global Face Compact Market by Skin Type, Performance - Potential Analysis
6.3.	Global Face Compact Market Estimates & Forecasts by Skin Type 2019-2029 (USD Billion)
6.4.	Face Compact Market, Sub Segment Analysis
6.4.1.	Combination Skin
6.4.2.	Dry Skin
6.4.3.	Oily Skin
6.4.4.	Sensitive Skin
Chapter 7.	Global Face Compact Market, by End User
7.1.	Market Snapshot 
7.2.	Global Face Compact Market by End User, Performance - Potential Analysis
7.3.	Global Face Compact Market Estimates & Forecasts by End User 2019-2029 (USD Billion)
7.4.	Face Compact Market, Sub Segment Analysis
7.4.1.	Men
7.4.2.	Women
Chapter 8.	Global Face Compact Market, by Distribution Channel
8.1.	Market Snapshot 
8.2.	Global Face Compact Market by Distribution Channel, Performance - Potential Analysis
8.3.	Global Face Compact Market Estimates & Forecasts by Distribution Channel 2019-2029 (USD Billion)
8.4.	Face Compact Market, Sub Segment Analysis
8.4.1.	Online 
8.4.2.	Offline
Chapter 9.	Global Face Compact Market, Regional Analysis
9.1.	Face Compact Market, Regional Market Snapshot 
9.2.	North America Face Compact Market 
9.2.1.	U.S. Face Compact Market
9.2.1.1.	Skin Type breakdown estimates & forecasts, 2019-2029 
9.2.1.2.	End User breakdown estimates & forecasts, 2019-2029 
9.2.1.3.	Distribution Channel breakdown estimates & forecasts, 2019-2029 
9.2.2.	Canada Face Compact Market
9.3.	Europe Face Compact Market Snapshot
9.3.1.	U.K. Face Compact Market 
9.3.2.	Germany Face Compact Market
9.3.3.	France Face Compact Market
9.3.4.	Spain Face Compact Market
9.3.5.	Italy Face Compact Market
9.3.6.	Rest of Europe Face Compact Market
9.4.	Asia-Pacific Face Compact Market Snapshot
9.4.1.	China Face Compact Market 
9.4.2.	India Face Compact Market 
9.4.3.	Japan Face Compact Market
9.4.4.	Australia Face Compact Market
9.4.5.	South Korea Face Compact Market
9.4.6.	Rest of Asia Pacific Face Compact Market
9.5.	Latin America Face Compact Market Snapshot
9.5.1.	Brazil Face Compact Market
9.5.2.	Mexico Face Compact Market
9.5.3.	Rest of Latin America Face Compact Market
9.6.	Rest of The World Face Compact Market

Chapter 10.	Competitive Intelligence
10.1.	Top Market Strategies
10.2.	Company Profiles
10.2.1.	Coty Inc.
10.2.1.1.	Key Information
10.2.1.2.	Overview
10.2.1.3.	Financial (Subject to Data Availability)
10.2.1.4.	Product Summary
10.2.1.5.	Recent Developments
10.2.2.	Chanel
10.2.3.	Revlon, Inc.
10.2.4.	Kendo Holdings, Inc.
10.2.5.	ColorBar Cosmetics Pvt. Ltd.
10.2.6.	Vellvette Lifestye Private Limited
10.2.7.	LOREAL S. A.
10.2.8.	NARS Cosmetics
10.2.9.	Kosas Cosmetics, LLC
10.2.10.	Hindustan Unilever Limited
Chapter 11.	Research Process
11.1.	Research Process
11.1.1.	Data Mining
11.1.2.	Analysis
11.1.3.	Market Estimation
11.1.4.	Validation
11.1.5.	Publishing
11.2.	Research Attributes
11.3.	Research Assumption","Pdf, Excel, Word",20,demo2,demo_sub_title2